target,buy,shopcar,Sales_3,Sales_7,active_ratio,buy_ratio
0,1,0,1,1,0.2857142857142857,3.3333333333333335
1,11,1,20,20,0.2857142857142857,5.0
0,1,0,1,1,0.2857142857142857,5.0
