target,buy,shopcar,Sales_3,Sales_7,active_ratio,buy_ratio
1,11,1,20,20,0.5714285714285714,6.666666666666667
